Library ID	Histone_Mark	Individual	Treatment	Timepoint	npeaks	lpeaks	avelpeaks
MCW_CT_ROA_78	H3K27ac	Ind1	DOX	24T	2.4	2.4	5.1
MCW_CT_ROA_79	H3K27ac	Ind1	VEH	24T	2.6	2.6	NA
MCW_CT_ROA_80	H3K27ac	Ind1	5FU	24R	NA	2.6	NA
MCW_CT_ROA_81	H3K27ac	Ind1	DOX	24R	1.4	1.4	5.6
MCW_CT_ROA_082	H3K27ac	Ind1	VEH	24R	1.2	1.4	3.5
MCW_CT_ROA_83	H3K27ac	Ind1	5FU	144R	2	2	5
MCW_CT_ROA_84	H3K27ac	Ind1	DOX	144R	2.8	2.7	NA
MCW_CT_ROA_85	H3K27ac	Ind1	VEH	144R	2.1	2.1	4
MCW_CT_ROA_86	H3K27ac	Ind2	5FU	24T	1.8	1.8	4
MCW_CT_ROA_87	H3K27ac	Ind2	DOX	24T	2.1	2.1	NA
MCW_CT_ROA_88	H3K27ac	Ind2	VEH	24T	1.8	1.8	3
MCW_CT_ROA_89	H3K27ac	Ind2	5FU	24R	2	2	2.6
MCW_CT_ROA_090	H3K27ac	Ind2	DOX	24R	2.4	2.4	5
MCW_CT_ROA_091	H3K27ac	Ind2	VEH	24R	2.1	2.1	3
MCW_CT_ROA_093	H3K27ac	Ind2	DOX	144R	2.2	2.2	4.2
MCW_CT_ROA_94	H3K27ac	Ind2	VEH	144R	1.8	1.8	2.6
MCW_CT_ROA_95	H3K27ac	Ind3	5FU	24T	2.4	2.4	3.5
MCW_CT_ROA_96	H3K27ac	Ind3	DOX	24T	2.6	2.6	NA
MCW_CT_ROA_97	H3K27ac	Ind3	VEH	24T	1.8	1.8	2.7
MCW_CT_ROA_99	H3K27ac	Ind3	DOX	24R	2.4	2.4	2.4
MCW_CT_ROA_100	H3K27ac	Ind3	VEH	24R	2.5	2.5	3.3
MCW_CT_ROA_101	H3K27ac	Ind3	5FU	144R	1.8	1.8	1.8
MCW_CT_ROA_102	H3K27ac	Ind3	DOX	144R	2.1	2.1	3.3
MCW_CT_ROA_103	H3K27ac	Ind3	VEH	144R	2.1	2.1	2.1
MCW_CT_ROA_105	H3K27ac	Ind4	DOX	24T	2.1	2.1	NA
MCW_CT_ROA_106	H3K27ac	Ind4	VEH	24T	1.8	1.8	4
MCW_CT_ROA_107	H3K27ac	Ind4	5FU	24R	2.1	2.1	4.4
MCW_CT_ROA_108	H3K27ac	Ind4	DOX	24R	2.1	2.1	NA
MCW_CT_ROA_109	H3K27ac	Ind4	VEH	24R	2.7	2.7	NA
MCW_CT_ROA_111	H3K27ac	Ind4	DOX	144R	2.1	2.1	4.4
MCW_CT_ROA_112	H3K27ac	Ind4	VEH	144R	1.8	1.8	3
MCW_CT_ROA_113	H3K27ac	Ind5	5FU	24T	4.8	2.8	NA
MCW_CT_ROA_114	H3K27ac	Ind5	DOX	24T	NA	3.6	NA
MCW_CT_ROA_115	H3K27ac	Ind5	VEH	24T	3	2.4	5
MCW_CT_ROA_116	H3K27ac	Ind5	5FU	24R	2.5	2.5	NA
MCW_CT_ROA_117	H3K27ac	Ind5	DOX	24R	2.8	2.8	6
MCW_CT_ROA_118	H3K27ac	Ind5	VEH	24R	2.8	2.8	6
MCW_CT_ROA_119	H3K27ac	Ind5	5FU	144R	3	2	NA
MCW_CT_ROA_120	H3K27ac	Ind5	DOX	144R	NA	4.1	NA
MCW_CT_ROA_121	H3K27ac	Ind5	VEH	144R	3	3	NA
H3K27ac_all	H3K27ac	ALL	ALL	ALL	2.297297297	2.295	3.826923077
MCW_CT_ROA_167	H3K36me3	Ind1	5FU	24T	2.5	1.5	NA
MCW_CT_ROA_169	H3K36me3	Ind1	VEH	24T	3.1	2	NA
MCW_CT_ROA_171	H3K36me3	Ind1	DOX	24R	2	2.1	1.8
MCW_CT_ROA_172	H3K36me3	Ind1	VEH	24R	2.5	1.5	NA
MCW_CT_ROA_173	H3K36me3	Ind1	5FU	144R	3	2.1	3
MCW_CT_ROA_174	H3K36me3	Ind1	DOX	144R	2	1.2	NA
MCW_CT_ROA_175	H3K36me3	Ind1	VEH	144R	2.5	NA	NA
MCW_CT_ROA_177	H3K36me3	Ind2	DOX	24T	2.1	2.1	NA
MCW_CT_ROA_178	H3K36me3	Ind2	VEH	24T	2.4	1.5	NA
MCW_CT_ROA_180	H3K36me3	Ind2	DOX	24R	2.4	1.6	2.4
MCW_CT_ROA_181	H3K36me3	Ind2	VEH	24R	1.5	1.6	3
MCW_CT_ROA_183	H3K36me3	Ind2	DOX	144R	2.2	2.2	NA
MCW_CT_ROA_184	H3K36me3	Ind2	VEH	144R	1.9	2	NA
MCW_CT_ROA_185	H3K36me3	Ind3	5FU	24T	2.5	2	NA
MCW_CT_ROA_186	H3K36me3	Ind3	DOX	24T	1.7	2.1	2.1
MCW_CT_ROA_189	H3K36me3	Ind3	DOX	24R	2.7	2	NA
MCW_CT_ROA_190	H3K36me3	Ind3	VEH	24R	4.2	1.8	NA
MCW_CT_ROA_192	H3K36me3	Ind3	DOX	144R	3.1	2	NA
MCW_CT_ROA_193	H3K36me3	Ind3	VEH	144R	1.6	1.7	NA
MCW_CT_ROA_194	H3K36me3	Ind4	5FU	24T	1.7	1.8	NA
MCW_CT_ROA_195	H3K36me3	Ind4	DOX	24T	2.4	2.4	NA
MCW_CT_ROA_196	H3K36me3	Ind4	VEH	24T	2.2	2.3	NA
MCW_CT_ROA_198	H3K36me3	Ind4	DOX	24R	2.5	2.6	2.4
MCW_CT_ROA_199	H3K36me3	Ind4	VEH	24R	2.2	1.4	NA
MCW_CT_ROA_201	H3K36me3	Ind4	DOX	144R	2.4	1.4	3
MCW_CT_ROA_202	H3K36me3	Ind4	VEH	144R	3	1.8	NA
MCW_CT_ROA_204	H3K36me3	Ind5	DOX	24T	NA	NA	NA
MCW_CT_ROA_205	H3K36me3	Ind5	VEH	24T	3.4	3.4	NA
MCW_CT_ROA_206	H3K36me3	Ind5	5FU	24R	2	1.8	NA
MCW_CT_ROA_207	H3K36me3	Ind5	DOX	24R	4	3	NA
MCW_CT_ROA_208	H3K36me3	Ind5	VEH	24R	2	2	NA
MCW_CT_ROA_209	H3K36me3	Ind5	5FU	144R	NA	3.6	NA
MCW_CT_ROA_210	H3K36me3	Ind5	DOX	144R	NA	2.2	NA
MCW_CT_ROA_211	H3K36me3	Ind5	VEH	144R	2.5	2.5	NA
H3K36me3_all	H3K36me3	ALL	ALL	ALL	2.458064516	2.0375	2.528571429
MCW_CT_ROA_123	H3K27me3	Ind1	DOX	24T	1.5	0.9	1.8
MCW_CT_ROA_124	H3K27me3	Ind1	VEH	24T	1.2	1.2	1.2
MCW_CT_ROA_125	H3K27me3	Ind1	5FU	24R	1.8	0.8	1.6
MCW_CT_ROA_126	H3K27me3	Ind1	DOX	24R	2.1	1	NA
MCW_CT_ROA_127	H3K27me3	Ind1	VEH	24R	1.6	1.6	1.4
MCW_CT_ROA_130	H3K27me3	Ind1	VEH	144R	2.1	2.1	2
MCW_CT_ROA_132	H3K27me3	Ind2	DOX	24T	2.1	1.8	1.2
MCW_CT_ROA_133	H3K27me3	Ind2	VEH	24T	1.8	2	2.5
MCW_CT_ROA_135	H3K27me3	Ind2	DOX	24R	1.4	2.4	1.2
MCW_CT_ROA_136	H3K27me3	Ind2	VEH	24R	1.8	1.5	1.4
MCW_CT_ROA_138	H3K27me3	Ind2	DOX	144R	1.5	1.5	2.4
MCW_CT_ROA_139	H3K27me3	Ind2	VEH	144R	2.1	2.1	1.8
MCW_CT_ROA_140	H3K27me3	Ind3	5FU	24T	1.8	1.8	1.5
MCW_CT_ROA_141	H3K27me3	Ind3	DOX	24T	2.2	2.2	2.1
MCW_CT_ROA_142	H3K27me3	Ind3	VEH	24T	1.6	2.4	1.5
MCW_CT_ROA_144	H3K27me3	Ind3	DOX	24R	1.8	1.8	1.6
MCW_CT_ROA_145	H3K27me3	Ind3	VEH	24R	2.8	2.8	2.7
MCW_CT_ROA_146	H3K27me3	Ind3	5FU	144R	2.1	2.1	3
MCW_CT_ROA_147	H3K27me3	Ind3	DOX	144R	1.6	1.6	1.5
MCW_CT_ROA_148	H3K27me3	Ind3	VEH	144R	1.6	1.4	1.5
MCW_CT_ROA_149	H3K27me3	Ind4	5FU	24T	1.6	1.6	2.4
MCW_CT_ROA_150	H3K27me3	Ind4	DOX	24T	2	2	NA
MCW_CT_ROA_151	H3K27me3	Ind4	VEH	24T	1.7	1.5	NA
MCW_CT_ROA_153	H3K27me3	Ind4	DOX	24R	2.6	2.5	2.4
MCW_CT_ROA_154	H3K27me3	Ind4	VEH	24R	1.4	2.4	1.2
MCW_CT_ROA_156	H3K27me3	Ind4	DOX	144R	2.6	2.7	2.4
MCW_CT_ROA_157	H3K27me3	Ind4	VEH	144R	2	2	1.8
MCW_CT_ROA_158	H3K27me3	Ind5	5FU	24T	1.9	2	1.6
MCW_CT_ROA_159	H3K27me3	Ind5	DOX	24T	2	2	1.8
MCW_CT_ROA_160	H3K27me3	Ind5	VEH	24T	2	1.9	1.8
MCW_CT_ROA_162	H3K27me3	Ind5	DOX	24R	NA	2	NA
MCW_CT_ROA_163	H3K27me3	Ind5	VEH	24R	3.7	2.7	2.4
MCW_CT_ROA_165	H3K27me3	Ind5	DOX	144R	2.8	3	2.7
MCW_CT_ROA_166	H3K27me3	Ind5	VEH	144R	3.2	2.5	2.3
H3K27me3_all	H3K27me3	ALL	ALL	ALL	2	1.935294118	1.89
MCW_CT_ROA_213	H3K9me3	Ind1	DOX	24T	2	2	1.1
MCW_CT_ROA_214	H3K9me3	Ind1	VEH	24T	3	3	1.4
MCW_CT_ROA_215	H3K9me3	Ind1	5FU	24R	2	2	1.1
MCW_CT_ROA_217	H3K9me3	Ind1	VEH	24R	2	2	1.2
MCW_CT_ROA_218	H3K9me3	Ind1	5FU	144R	2	2	1.2
MCW_CT_ROA_219	H3K9me3	Ind1	DOX	144R	2.5	2	1.3
MCW_CT_ROA_220	H3K9me3	Ind1	VEH	144R	1.8	1.8	0.6
MCW_CT_ROA_221	H3K9me3	Ind2	5FU	24T	2.2	2.2	1.4
MCW_CT_ROA_222	H3K9me3	Ind2	DOX	24T	2.6	2.6	2
MCW_CT_ROA_223	H3K9me3	Ind2	VEH	24T	3.5	2.4	2.4
MCW_CT_ROA_224	H3K9me3	Ind2	5FU	24R	1.5	1.6	1.1
MCW_CT_ROA_225	H3K9me3	Ind2	DOX	24R	1.5	1.6	0.8
MCW_CT_ROA_226	H3K9me3	Ind2	VEH	24R	2	2	1.1
MCW_CT_ROA_227	H3K9me3	Ind2	5FU	144R	2	1.2	0.7
MCW_CT_ROA_228	H3K9me3	Ind2	DOX	144R	1.6	1.6	0.9
MCW_CT_ROA_229	H3K9me3	Ind2	VEH	144R	2.6	1.6	1.2
MCW_CT_ROA_230	H3K9me3	Ind3	5FU	24T	2.7	2	1.1
MCW_CT_ROA_231	H3K9me3	Ind3	DOX	24T	NA	NA	NA
MCW_CT_ROA_232	H3K9me3	Ind3	VEH	24T	2	2	1.9
MCW_CT_ROA_233	H3K9me3	Ind3	5FU	24R	2.5	1.5	1.6
MCW_CT_ROA_234	H3K9me3	Ind3	DOX	24R	1.9	1.9	1
MCW_CT_ROA_235	H3K9me3	Ind3	VEH	24R	2.7	2.1	1.2
MCW_CT_ROA_236	H3K9me3	Ind3	5FU	144R	2.1	1.5	0.7
MCW_CT_ROA_237	H3K9me3	Ind3	DOX	144R	3.5	2.5	1.1
MCW_CT_ROA_238	H3K9me3	Ind3	VEH	144R	3.6	3.6	NA
MCW_CT_ROA_239	H3K9me3	Ind4	5FU	24T	2	2	1.9
MCW_CT_ROA_240	H3K9me3	Ind4	DOX	24T	2.5	1.5	1.6
MCW_CT_ROA_241	H3K9me3	Ind4	VEH	24T	2.5	2.5	1.5
MCW_CT_ROA_243	H3K9me3	Ind4	DOX	24R	2.7	1.7	0.9
MCW_CT_ROA_244	H3K9me3	Ind4	VEH	24R	3	3	1.7
MCW_CT_ROA_245	H3K9me3	Ind4	5FU	144R	3	2	1.2
MCW_CT_ROA_246	H3K9me3	Ind4	DOX	144R	3.5	2.5	1.5
MCW_CT_ROA_247	H3K9me3	Ind4	VEH	144R	2.5	1.5	1
MCW_CT_ROA_249	H3K9me3	Ind5	DOX	24T	2.6	1.9	1.7
MCW_CT_ROA_250	H3K9me3	Ind5	VEH	24T	3.2	2.2	2.2
MCW_CT_ROA_252	H3K9me3	Ind5	DOX	24R	3	1.5	1.9
MCW_CT_ROA_253	H3K9me3	Ind5	VEH	24R	3.3	2.4	1.7
MCW_CT_ROA_254	H3K9me3	Ind5	5FU	144R	3	2	1.9
MCW_CT_ROA_255	H3K9me3	Ind5	DOX	144R	NA	NA	NA
MCW_CT_ROA_256	H3K9me3	Ind5	VEH	144R	2	1.5	1.5
H3K9me3_all	H3K9me3	ALL	ALL	ALL	2.489473684	2.023684211	1.359459459
